{
	"type": "dark",
	"colors": {
		"foreground": "#667380",
		"focusBorder": "#4a5561",
		"widget.shadow": "#161c27",
		"badge.background": "#47515d",
		"badge.foreground": "#fff",
		"progressBar.background": "#ffcc66",
		"input.background": "#262c38",
		"input.foreground": "#ccc9c2",
		"input.border": "#363e4a",
		"input.placeholderForeground": "#515c69",
		"inputOption.activeBorder": "#ffcc66",
		"inputValidation.infoBackground": "#212733",
		"inputValidation.infoBorder": "#5ccfe6",
		"inputValidation.warningBackground": "#212733",
		"inputValidation.warningBorder": "#ffd580",
		"inputValidation.errorBackground": "#212733",
		"inputValidation.errorBorder": "#ff3333",
		"dropdown.background": "#262c38",
		"dropdown.foreground": "#667380",
		"dropdown.border": "#363e4a",
		"list.focusAndSelectionBackground": "#1a202b",
		"list.focusAndSelectionForeground": "#ccc9c2",
		"list.activeSelectionBackground": "#1a202b",
		"list.activeSelectionForeground": "#ccc9c2",
		"list.inactiveSelectionBackground": "#1c222e",
		"list.inactiveSelectionForeground": "#ccc9c2",
		"list.focusBackground": "#1c222e",
		"list.focusForeground": "#ccc9c2",
		"list.hoverBackground": "#1c222e",
		"list.hoverForeground": "#ccc9c2",
		"list.highlightForeground": "#ffcc66",
		"list.invalidItemForeground": "#515c69",
		"pickerGroup.foreground": "#444d5a",
		"pickerGroup.border": "#1a202b",
		"button.background": "#ffcc66",
		"button.hoverBackground": "#fac761",
		"button.foreground": "#212733",
		"scrollbar.shadow": "#161c2711",
		"scrollbarSlider.background": "#ffffff11",
		"scrollbarSlider.hoverBackground": "#ffffff22",
		"scrollbarSlider.activeBackground": "#ffffff22",
		"selection.background": "#293847fd",
		"editor.background": "#212733",
		"editor.foreground": "#ccc9c2",
		"editor.selectionBackground": "#293847",
		"editor.inactiveSelectionBackground": "#283543",
		"editor.selectionHighlightBackground": "#283543",
		"editor.selectionHighlightBorder": "#2c3d4e",
		"editor.findMatchBackground": "#ffcc6622",
		"editor.findMatchBorder": "#ffcc66",
		"editor.findMatchHighlightBackground": "#ffcc6622",
		"editor.findMatchHighlightBorder": "#ffcc6633",
		"editor.findRangeHighlightBorder": "#21273300",
		"editor.findRangeHighlightBackground": "#283543",
		"editorLink.activeForeground": "#ffcc66",
		"editorLink.foreground": "#ffcc66",
		"editorWidget.background": "#262c38",
		"editor.lineHighlightBackground": "#1c222e",
		"editor.rangeHighlightBackground": "#1c222e",
		"editor.wordHighlightBackground": "#283543",
		"editor.wordHighlightStrongBackground": "#ffcc6633",
		"editorCursor.foreground": "#ffcc66",
		"editorWhitespace.foreground": "#39424e",
		"editorIndentGuide.background": "#363e4a",
		"editorIndentGuide.activeBackground": "#434c59",
		"editorLineNumber.foreground": "#66738066",
		"editorLineNumber.activeForeground": "#667380BB",
		"editorMarkerNavigation.background": "#262c38",
		"editorHoverWidget.background": "#262c38",
		"editorHoverWidget.border": "#121824",
		"editorBracketMatch.border": "#39424e",
		"editorRuler.foreground": "#1a202b",
		"editorError.foreground": "#ff3333",
		"editorWarning.foreground": "#ffcc66",
		"editorGutter.modifiedBackground": "#5ccfe6",
		"editorGutter.addedBackground": "#bae67e",
		"editorGutter.deletedBackground": "#f29e74",
		"editorOverviewRuler.border": "#1a202b",
		"editorOverviewRuler.addedForeground": "#bae67e",
		"editorOverviewRuler.deletedForeground": "#f29e74",
		"editorOverviewRuler.modifiedForeground": "#5ccfe6",
		"editorOverviewRuler.warningForeground": "#ffcc66",
		"editorOverviewRuler.errorForeground": "#ff3333",
		"editorSuggestWidget.background": "#262c38",
		"editorSuggestWidget.border": "#121824",
		"editorSuggestWidget.selectedBackground": "#1c222e",
		"editorSuggestWidget.highlightForeground": "#ffcc66",
		"peekView.border": "#1a202b",
		"peekViewEditor.background": "#262c38",
		"peekViewEditor.matchHighlightBackground": "#ffcc6633",
		"peekViewTitle.background": "#262c38",
		"peekViewTitleLabel.foreground": "#667380",
		"peekViewTitleDescription.foreground": "#667380",
		"peekViewResult.background": "#262c38",
		"peekViewResult.matchHighlightBackground": "#ffcc6633",
		"peekViewResult.fileForeground": "#667380",
		"diffEditor.insertedTextBackground": "#bae67e25",
		"diffEditor.removedTextBackground": "#f29e7425",
		"editorGroup.background": "#262c38",
		"editorGroup.border": "#1a202b",
		"editorGroupHeader.tabsBackground": "#212733",
		"editorGroupHeader.noTabsBackground": "#212733",
		"editorGroupHeader.tabsBorder": "#1a202b",
		"tab.activeBackground": "#212733",
		"tab.inactiveBackground": "#212733",
		"tab.activeForeground": "#ccc9c2",
		"tab.activeBorder": "#ffcc66",
		"tab.inactiveForeground": "#667380",
		"tab.border": "#212733",
		"tab.unfocusedActiveForeground": "#667380",
		"tab.unfocusedInactiveForeground": "#667380",
		"tab.unfocusedActiveBorder": "#667380",
		"panel.background": "#212733",
		"panel.border": "#1a202b",
		"panelTitle.activeForeground": "#ccc9c2",
		"panelTitle.inactiveForeground": "#667380",
		"panelTitle.activeBorder": "#ffcc66",
		"statusBar.foreground": "#667380",
		"statusBar.background": "#212733",
		"statusBar.border": "#212733",
		"statusBar.noFolderBackground": "#262c38",
		"statusBar.debuggingBackground": "#f29e74",
		"statusBar.debuggingForeground": "#212733",
		"statusBarItem.activeBackground": "#00000050",
		"statusBarItem.hoverBackground": "#00000030",
		"statusBarItem.prominentBackground": "#1a202b",
		"statusBarItem.prominentHoverBackground": "#00000030",
		"activityBar.background": "#212733",
		"activityBar.foreground": "#47515d",
		"activityBarBadge.background": "#47515d",
		"activityBarBadge.foreground": "#fff",
		"sideBar.background": "#212733",
		"sideBar.border": "#1a202b",
		"sideBarTitle.foreground": "#667380",
		"sideBarSectionHeader.foreground": "#667380",
		"sideBarSectionHeader.background": "#212733",
		"titleBar.activeForeground": "#ccc9c2",
		"titleBar.inactiveForeground": "#667380",
		"titleBar.activeBackground": "#212733",
		"titleBar.inactiveBackground": "#212733",
		"notification.background": "#1a202b",
		"extensionButton.prominentBackground": "#ffcc66",
		"extensionButton.prominentHoverBackground": "#fac761",
		"extensionButton.prominentForeground": "#212733",
		"welcomePage.quickLinkBackground": "#1c222e",
		"welcomePage.quickLinkHoverBackground": "#1a202b",
		"welcomeOverlay.foreground": "#ccc9c2",
		"walkThrough.embeddedEditorBackground": "#262c38",
		"textLink.foreground": "#ffcc66",
		"textLink.activeForeground": "#ffcc66",
		"textPreformat.foreground": "#ccc9c2",
		"textBlockQuote.background": "#262c38",
		"debugExceptionWidget.border": "#1a202b",
		"debugExceptionWidget.background": "#262c38",
		"debugToolBar.background": "#262c38",
		"gitDecoration.modifiedResourceForeground": "#5ccfe6BB",
		"gitDecoration.deletedResourceForeground": "#f29e74BB",
		"gitDecoration.untrackedResourceForeground": "#bae67eBB",
		"gitDecoration.submoduleResourceForeground": "#d4bfffBB",
		"gitDecoration.ignoredResourceForeground": "#444d5a",
		"terminal.background": "#212733",
		"terminal.foreground": "#ccc9c2",
		"terminal.ansiBlack": "#1a202b",
		"terminal.ansiRed": "#ffc44c",
		"terminal.ansiGreen": "#bae67e",
		"terminal.ansiYellow": "#ffcc66",
		"terminal.ansiBlue": "#36a3d9",
		"terminal.ansiMagenta": "#d4bfff",
		"terminal.ansiCyan": "#95e6cb",
		"terminal.ansiWhite": "#c7c7c7",
		"terminal.ansiBrightBlack": "#686868",
		"terminal.ansiBrightRed": "#ffc44c",
		"terminal.ansiBrightGreen": "#cbe645",
		"terminal.ansiBrightYellow": "#ffdf80",
		"terminal.ansiBrightBlue": "#6871ff",
		"terminal.ansiBrightMagenta": "#ff77ff",
		"terminal.ansiBrightCyan": "#a6fde1",
		"terminal.ansiBrightWhite": "#ffffff"
	},
	"tokenColors": [
		{
			"settings": {
				"background": "#212733",
				"foreground": "#ccc9c2"
			}
		},
		{
			"name": "Comment",
			"scope": [
				"comment",
				"punctuation.definition.comment"
			],
			"settings": {
				"fontStyle": "italic",
				"foreground": "#5c6773"
			}
		},
		{
			"name": "Variable",
			"scope": [
				"variable"
			],
			"settings": {
				"foreground": "#ccc9c2"
			}
		},
		{
			"name": "String",
			"scope": [
				"string",
				"constant.other.symbol"
			],
			"settings": {
				"foreground": "#bae67e"
			}
		},
		{
			"name": "Number",
			"scope": [
				"constant.numeric"
			],
			"settings": {
				"foreground": "#ffcc66"
			}
		},
		{
			"name": "Regular Expressions and Escape Characters",
			"scope": [
				"string.regexp",
				"constant.character.escape"
			],
			"settings": {
				"foreground": "#95e6cb"
			}
		},
		{
			"name": "Built-in constant",
			"scope": [
				"constant.language"
			],
			"settings": {
				"foreground": "#ffcc66"
			}
		},
		{
			"name": "User-defined constant",
			"scope": [
				"constant.character",
				"constant.other"
			],
			"settings": {
				"foreground": "#ffcc66"
			}
		},
		{
			"name": "Member Variable",
			"scope": [
				"variable.member"
			],
			"settings": {
				"foreground": "#ec5f67"
			}
		},
		{
			"name": "Keyword",
			"scope": [
				"keyword"
			],
			"settings": {
				"foreground": "#ffa759"
			}
		},
		{
			"name": "Operators",
			"scope": [
				"keyword.operator"
			],
			"settings": {
				"foreground": "#f29e74"
			}
		},
		{
			"name": "Punctuation",
			"scope": [
				"punctuation.separator",
				"punctuation.terminator"
			],
			"settings": {
				"foreground": "#ccc9c2CC"
			}
		},
		{
			"name": "Punctuation",
			"scope": [
				"punctuation.section"
			],
			"settings": {
				"foreground": "#ccc9c2"
			}
		},
		{
			"name": "Accessor",
			"scope": [
				"punctuation.accessor"
			],
			"settings": {
				"foreground": "#f29e74"
			}
		},
		{
			"name": "Annotation Punctuation",
			"scope": [
				"punctuation.definition.annotation"
			],
			"settings": {
				"foreground": "#ccc9c2CC"
			}
		},
		{
			"name": "JavaScript Dollar",
			"scope": [
				"variable.other.dollar.only.js",
				"variable.other.object.dollar.only.js",
				"variable.type.dollar.only.js",
				"support.class.dollar.only.js"
			],
			"settings": {
				"foreground": "#ffc44c"
			}
		},
		{
			"name": "Storage",
			"scope": [
				"storage"
			],
			"settings": {
				"foreground": "#ffa759"
			}
		},
		{
			"name": "Storage type",
			"scope": [
				"storage.type"
			],
			"settings": {
				"foreground": "#ffa759"
			}
		},
		{
			"name": "Function name",
			"scope": [
				"entity.name.function"
			],
			"settings": {
				"foreground": "#ffd580"
			}
		},
		{
			"name": "Imports and packages",
			"scope": [
				"entity.name.import",
				"entity.name.package"
			],
			"settings": {
				"foreground": "#bae67e"
			}
		},
		{
			"name": "Entity name",
			"scope": [
				"entity.name"
			],
			"settings": {
				"foreground": "#73d0ff"
			}
		},
		{
			"name": "Inherited class",
			"scope": [
				"entity.other.inherited-class"
			],
			"settings": {
				"foreground": "#73d0ff"
			}
		},
		{
			"name": "Function argument",
			"scope": [
				"variable.parameter"
			],
			"settings": {
				"foreground": "#ffcc66"
			}
		},
		{
			"name": "Language variable",
			"scope": [
				"variable.language"
			],
			"settings": {
				"fontStyle": "italic",
				"foreground": "#5ccfe6"
			}
		},
		{
			"name": "Tag",
			"scope": [
				"entity.name.tag",
				"meta.tag.sgml"
			],
			"settings": {
				"foreground": "#5ccfe6"
			}
		},
		{
			"name": "Tag start/end",
			"scope": [
				"punctuation.definition.tag.end",
				"punctuation.definition.tag.begin",
				"punctuation.definition.tag"
			],
			"settings": {
				"foreground": "#5ccfe690"
			}
		},
		{
			"name": "Tag attribute",
			"scope": [
				"entity.other.attribute-name"
			],
			"settings": {
				"foreground": "#ffd580"
			}
		},
		{
			"name": "Function call",
			"scope": [
				"variable.function",
				"variable.annotation",
				"meta.function-call.generic",
				"support.function.go"
			],
			"settings": {
				"foreground": "#ffd580"
			}
		},
		{
			"name": "Library function",
			"scope": [
				"support.function",
				"support.macro"
			],
			"settings": {
				"foreground": "#f28779"
			}
		},
		{
			"name": "Library constant",
			"scope": [
				"support.constant"
			],
			"settings": {
				"fontStyle": "italic",
				"foreground": "#f29e74"
			}
		},
		{
			"name": "Library class/type",
			"scope": [
				"support.type",
				"support.class",
				"source.go storage.type"
			],
			"settings": {
				"foreground": "#5ccfe6"
			}
		},
		{
			"name": "Invalid",
			"scope": [
				"invalid"
			],
			"settings": {
				"foreground": "#ff3333"
			}
		},
		{
			"name": "diff.header",
			"scope": [
				"meta.diff",
				"meta.diff.header"
			],
			"settings": {
				"foreground": "#c594c5"
			}
		},
		{
			"name": "Ruby class methods",
			"scope": [
				"source.ruby variable.other.readwrite"
			],
			"settings": {
				"foreground": "#ffd580"
			}
		},
		{
			"name": "CSS tag names",
			"scope": [
				"source.css entity.name.tag",
				"source.sass entity.name.tag",
				"source.scss entity.name.tag",
				"source.less entity.name.tag",
				"source.stylus entity.name.tag"
			],
			"settings": {
				"foreground": "#73d0ff"
			}
		},
		{
			"name": "CSS browser prefix",
			"scope": [
				"source.css support.type",
				"source.sass support.type",
				"source.scss support.type",
				"source.less support.type",
				"source.stylus support.type"
			],
			"settings": {
				"foreground": "#5c6773"
			}
		},
		{
			"name": "CSS Properties",
			"scope": [
				"support.type.property-name"
			],
			"settings": {
				"fontStyle": "normal",
				"foreground": "#5ccfe6"
			}
		},
		{
			"name": "Search Results Nums",
			"scope": [
				"constant.numeric.line-number.find-in-files - match"
			],
			"settings": {
				"foreground": "#5c6773"
			}
		},
		{
			"name": "Search Results Match Nums",
			"scope": [
				"constant.numeric.line-number.match"
			],
			"settings": {
				"foreground": "#ffa759"
			}
		},
		{
			"name": "Search Results Lines",
			"scope": [
				"entity.name.filename.find-in-files"
			],
			"settings": {
				"foreground": "#bae67e"
			}
		},
		{
			"scope": [
				"message.error"
			],
			"settings": {
				"foreground": "#ff3333"
			}
		},
		{
			"name": "JSON Key - Level 8",
			"scope": [
				"source.json meta meta meta meta meta meta meta meta meta meta meta meta meta meta meta meta.structure.dictionary.json string.quoted.double.json - meta meta meta meta meta meta meta meta meta meta meta meta meta meta meta meta.structure.dictionary.json meta.structure.dictionary.value.json string.quoted.double.json, source.json meta meta meta meta meta meta meta meta meta meta meta meta meta meta meta meta.structure.dictionary.json punctuation.definition.string - meta meta meta meta meta meta meta meta meta meta meta meta meta meta meta meta.structure.dictionary.json meta.structure.dictionary.value.json punctuation.definition.string"
			],
			"settings": {
				"foreground": "#5ccfe6"
			}
		},
		{
			"name": "JSON Key - Level 7",
			"scope": [
				"source.json meta meta meta meta meta meta meta meta meta meta meta meta meta meta.structure.dictionary.json string.quoted.double.json - meta meta meta meta meta meta meta meta meta meta meta meta meta meta.structure.dictionary.json meta.structure.dictionary.value.json string.quoted.double.json, source.json meta meta meta meta meta meta meta meta meta meta meta meta meta meta.structure.dictionary.json punctuation.definition.string - meta meta meta meta meta meta meta meta meta meta meta meta meta meta.structure.dictionary.json meta.structure.dictionary.value.json punctuation.definition.string"
			],
			"settings": {
				"foreground": "#5ccfe6"
			}
		},
		{
			"name": "JSON Key - Level 6",
			"scope": [
				"source.json meta meta meta meta meta meta meta meta meta meta meta meta.structure.dictionary.json string.quoted.double.json - meta meta meta meta meta meta meta meta meta meta meta meta.structure.dictionary.json meta.structure.dictionary.value.json string.quoted.double.json, source.json meta meta meta meta meta meta meta meta meta meta meta meta.structure.dictionary.json punctuation.definition.string - meta meta meta meta meta meta meta meta meta meta meta meta.structure.dictionary.json meta.structure.dictionary.value.json punctuation.definition.string"
			],
			"settings": {
				"foreground": "#5ccfe6"
			}
		},
		{
			"name": "JSON Key - Level 5",
			"scope": [
				"source.json meta meta meta meta meta meta meta meta meta meta.structure.dictionary.json string.quoted.double.json - meta meta meta meta meta meta meta meta meta meta.structure.dictionary.json meta.structure.dictionary.value.json string.quoted.double.json, source.json meta meta meta meta meta meta meta meta meta meta.structure.dictionary.json punctuation.definition.string - meta meta meta meta meta meta meta meta meta meta.structure.dictionary.json meta.structure.dictionary.value.json punctuation.definition.string"
			],
			"settings": {
				"foreground": "#5ccfe6"
			}
		},
		{
			"name": "JSON Key - Level 4",
			"scope": [
				"source.json meta meta meta meta meta meta meta meta.structure.dictionary.json string.quoted.double.json - meta meta meta meta meta meta meta meta.structure.dictionary.json meta.structure.dictionary.value.json string.quoted.double.json, source.json meta meta meta meta meta meta meta meta.structure.dictionary.json punctuation.definition.string - meta meta meta meta meta meta meta meta.structure.dictionary.json meta.structure.dictionary.value.json punctuation.definition.string"
			],
			"settings": {
				"foreground": "#5ccfe6"
			}
		},
		{
			"name": "JSON Key - Level 3",
			"scope": [
				"source.json meta meta meta meta meta meta.structure.dictionary.json string.quoted.double.json - meta meta meta meta meta meta.structure.dictionary.json meta.structure.dictionary.value.json string.quoted.double.json, source.json meta meta meta meta meta meta.structure.dictionary.json punctuation.definition.string - meta meta meta meta meta meta.structure.dictionary.json meta.structure.dictionary.value.json punctuation.definition.string"
			],
			"settings": {
				"foreground": "#5ccfe6"
			}
		},
		{
			"name": "JSON Key - Level 2",
			"scope": [
				"source.json meta meta meta meta.structure.dictionary.json string.quoted.double.json - meta meta meta meta.structure.dictionary.json meta.structure.dictionary.value.json string.quoted.double.json, source.json meta meta meta meta.structure.dictionary.json punctuation.definition.string - meta meta meta meta.structure.dictionary.json meta.structure.dictionary.value.json punctuation.definition.string"
			],
			"settings": {
				"foreground": "#5ccfe6"
			}
		},
		{
			"name": "JSON Key - Level 1",
			"scope": [
				"source.json meta meta.structure.dictionary.json string.quoted.double.json - meta meta.structure.dictionary.json meta.structure.dictionary.value.json string.quoted.double.json, source.json meta meta.structure.dictionary.json punctuation.definition.string - meta meta.structure.dictionary.json meta.structure.dictionary.value.json punctuation.definition.string"
			],
			"settings": {
				"foreground": "#5ccfe6"
			}
		},
		{
			"name": "JSON Key - Level 0",
			"scope": [
				"source.json meta.structure.dictionary.json string.quoted.double.json - meta.structure.dictionary.json meta.structure.dictionary.value.json string.quoted.double.json, source.json meta.structure.dictionary.json punctuation.definition.string - meta.structure.dictionary.json meta.structure.dictionary.value.json punctuation.definition.string"
			],
			"settings": {
				"foreground": "#5ccfe6"
			}
		},
		{
			"name": "Markup Heading",
			"scope": [
				"markup.heading",
				"markup.heading entity.name"
			],
			"settings": {
				"fontStyle": "bold",
				"foreground": "#ffa759"
			}
		},
		{
			"name": "Markup Links",
			"scope": [
				"string.other.link",
				"markup.underline.link"
			],
			"settings": {
				"fontStyle": "italic underline",
				"foreground": "#95e6cb"
			}
		},
		{
			"name": "Markup image",
			"scope": [
				"punctuation.definition.image"
			],
			"settings": {
				"foreground": "#ffd580"
			}
		},
		{
			"name": "Markup Italic",
			"scope": [
				"markup.italic"
			],
			"settings": {
				"fontStyle": "italic",
				"foreground": "#f28779"
			}
		},
		{
			"name": "Markup Bold",
			"scope": [
				"markup.bold"
			],
			"settings": {
				"fontStyle": "bold",
				"foreground": "#f28779"
			}
		},
		{
			"name": "Markup Bold/italic",
			"scope": [
				"markup.italic markup.bold | markup.bold markup.italic"
			],
			"settings": {
				"fontStyle": "bold italic"
			}
		},
		{
			"name": "Markup Code",
			"scope": [
				"markup.raw"
			],
			"settings": {
				"background": "#ccc9c207"
			}
		},
		{
			"name": "Markup Code Inline",
			"scope": [
				"markup.raw.inline"
			],
			"settings": {
				"background": "#ccc9c210"
			}
		},
		{
			"name": "Markdown Separator",
			"scope": [
				"meta.separator"
			],
			"settings": {
				"background": "#ccc9c210",
				"fontStyle": "bold",
				"foreground": "#5c6773"
			}
		},
		{
			"name": "Markup Blockquote",
			"scope": [
				"markup.quote"
			],
			"settings": {
				"foreground": "#ffcc66",
				"fontStyle": "italic"
			}
		},
		{
			"name": "Markup List Bullet",
			"scope": [
				"markup.list.numbered.bullet",
				"markup.list punctuation.definition.list_item"
			],
			"settings": {
				"foreground": "#95e6cb"
			}
		},
		{
			"name": "Markup Inserted",
			"scope": [
				"markup.inserted"
			],
			"settings": {
				"foreground": "#bae67e"
			}
		},
		{
			"name": "Markup Changed",
			"scope": [
				"markup.changed"
			],
			"settings": {
				"foreground": "#5ccfe6"
			}
		},
		{
			"name": "Markup Deleted",
			"scope": [
				"markup.deleted"
			],
			"settings": {
				"foreground": "#f28779"
			}
		},
		{
			"name": "Markup Strike",
			"scope": [
				"markup.strike"
			],
			"settings": {
				"foreground": "#ffc44c"
			}
		},
		{
			"name": "Markup Table",
			"scope": [
				"markup.table"
			],
			"settings": {
				"background": "#ccc9c210",
				"foreground": "#5ccfe6"
			}
		},
		{
			"name": "Markup Raw Inline",
			"scope": [
				"text.html.markdown markup.inline.raw"
			],
			"settings": {
				"foreground": "#f29e74"
			}
		},
		{
			"name": "Markdown - Line Break",
			"scope": [
				"text.html.markdown meta.dummy.line-break"
			],
			"settings": {
				"foreground": "#5c6773"
			}
		},
		{
			"name": "Markdown - Raw Block Fenced",
			"scope": [
				"punctuation.definition.markdown"
			],
			"settings": {
				"background": "#ccc9c2",
				"foreground": "#5c6773"
			}
		}
	]
}